{
    "best_dist": {
        "score": 39.37540835037208,
        "avg": 0.5180974782943695,
        "weight": [
            0.5,
            0.1,
            0.0
        ],
        "norm_score": 0.0,
        "weights": [
            [
                0.5,
                0.1,
                0.0
            ],
            [
                0.5,
                0.1,
                0.1
            ],
            [
                0.5,
                0.1,
                0.2
            ],
            [
                0.5,
                0.1,
                0.30000000000000004
            ],
            [
                0.5,
                0.1,
                0.4
            ],
            [
                0.5,
                0.1,
                0.5
            ],
            [
                0.5,
                0.1,
                0.6000000000000001
            ],
            [
                0.5,
                0.1,
                0.7000000000000001
            ],
            [
                0.5,
                0.1,
                0.8
            ],
            [
                0.5,
                0.1,
                0.9
            ],
            [
                0.5,
                0.1,
                1.0
            ],
            [
                0.6000000000000001,
                0.1,
                0.0
            ],
            [
                0.6000000000000001,
                0.1,
                0.1
            ],
            [
                0.6000000000000001,
                0.1,
                0.2
            ],
            [
                0.6000000000000001,
                0.1,
                0.30000000000000004
            ],
            [
                0.6000000000000001,
                0.1,
                0.4
            ],
            [
                0.6000000000000001,
                0.1,
                0.5
            ],
            [
                0.6000000000000001,
                0.1,
                0.6000000000000001
            ],
            [
                0.6000000000000001,
                0.1,
                0.7000000000000001
            ],
            [
                0.6000000000000001,
                0.1,
                0.8
            ],
            [
                0.6000000000000001,
                0.1,
                0.9
            ],
            [
                0.6000000000000001,
                0.1,
                1.0
            ],
            [
                0.9,
                0.2,
                0.2
            ],
            [
                0.9,
                0.2,
                0.4
            ],
            [
                0.9,
                0.2,
                0.5
            ],
            [
                0.9,
                0.2,
                0.6000000000000001
            ],
            [
                0.9,
                0.2,
                0.9
            ],
            [
                0.9,
                0.2,
                1.0
            ],
            [
                1.0,
                0.2,
                0.1
            ],
            [
                1.0,
                0.2,
                0.30000000000000004
            ],
            [
                1.0,
                0.2,
                0.5
            ],
            [
                1.0,
                0.2,
                0.7000000000000001
            ],
            [
                1.0,
                0.2,
                0.9
            ]
        ]
    },
    "golden_groups": [
        {
            "stats": {
                "mean": 0.6818181818181819,
                "variance": 0.03724517906336088,
                "standard_deviation": 0.19299010094655342,
                "median": 0.6000000000000001,
                "median_low": 0.6000000000000001,
                "median_high": 0.6000000000000001,
                "median_grouped": 0.6000000000000001,
                "mode": null
            },
            "data": [
                [
                    5,
                    6
                ],
                [
                    9,
                    10
                ]
            ]
        },
        {
            "stats": {
                "mean": 0.13333333333333333,
                "variance": 0.0022222222222222227,
                "standard_deviation": 0.047140452079103175,
                "median": 0.1,
                "median_low": 0.1,
                "median_high": 0.1,
                "median_grouped": 0.35,
                "mode": 0.1
            },
            "data": [
                [
                    1,
                    2
                ]
            ]
        },
        {
            "stats": {
                "mean": 0.5181818181818182,
                "variance": 0.09421487603305786,
                "standard_deviation": 0.30694441847516607,
                "median": 0.5,
                "median_low": 0.5,
                "median_high": 0.5,
                "median_grouped": 0.625,
                "mode": null
            },
            "data": [
                [
                    0,
                    10
                ]
            ]
        }
    ]
}