{
    "best_dist": {
        "score": 41.04047239282723,
        "avg": 0.5400062156950952,
        "weight": [
            0.30000000000000004
        ],
        "norm_score": 0.0,
        "weights": [
            [
                0.30000000000000004
            ]
        ]
    },
    "golden_groups": [
        {
            "stats": {
                "mean": 0.30000000000000004,
                "variance": 0.0,
                "standard_deviation": 0.0,
                "median": 0.30000000000000004,
                "median_low": 0.30000000000000004,
                "median_high": 0.30000000000000004,
                "median_grouped": 0.30000000000000004,
                "mode": 0.30000000000000004
            },
            "data": [
                [
                    3,
                    3
                ]
            ]
        }
    ]
}