{
    "best_dist": {
        "score": 41.87697332918534,
        "avg": 0.551012806962965,
        "weight": [
            1.0
        ],
        "norm_score": 0.0,
        "weights": [
            [
                1.0
            ],
            [
                0.9
            ],
            [
                0.8
            ],
            [
                0.7000000000000001
            ],
            [
                0.6000000000000001
            ],
            [
                0.5
            ],
            [
                0.4
            ],
            [
                0.30000000000000004
            ],
            [
                0.2
            ],
            [
                0.1
            ]
        ]
    },
    "golden_groups": [
        {
            "stats": {
                "mean": 0.55,
                "variance": 0.0825,
                "standard_deviation": 0.2872281323269014,
                "median": 0.55,
                "median_low": 0.5,
                "median_high": 0.6000000000000001,
                "median_grouped": 0.10000000000000009,
                "mode": null
            },
            "data": [
                [
                    1,
                    10
                ]
            ]
        }
    ]
}