{
    "best_dist": {
        "score": 57.03085155443247,
        "norm_avg": 0.5940713703586716,
        "weight": [
            0.9,
            0.8
        ],
        "weights": [
            [
                0.9,
                0.8
            ],
            [
                0.9,
                0.7
            ],
            [
                0.9,
                0.5
            ],
            [
                0.9,
                0.4
            ],
            [
                0.9,
                0.2
            ],
            [
                0.9,
                0.1
            ],
            [
                0.8,
                0.9
            ],
            [
                0.8,
                0.7
            ],
            [
                0.8,
                0.5
            ],
            [
                0.8,
                0.3
            ],
            [
                0.8,
                0.1
            ],
            [
                0.7,
                0.9
            ],
            [
                0.7,
                0.8
            ],
            [
                0.7,
                0.6
            ],
            [
                0.7,
                0.5
            ],
            [
                0.7,
                0.4
            ],
            [
                0.7,
                0.3
            ],
            [
                0.7,
                0.2
            ],
            [
                0.7,
                0.1
            ],
            [
                0.6,
                0.9
            ],
            [
                0.6,
                0.7
            ],
            [
                0.6,
                0.5
            ],
            [
                0.6,
                0.1
            ],
            [
                0.5,
                0.9
            ],
            [
                0.5,
                0.8
            ],
            [
                0.5,
                0.7
            ],
            [
                0.5,
                0.6
            ],
            [
                0.5,
                0.4
            ],
            [
                0.5,
                0.3
            ],
            [
                0.5,
                0.2
            ],
            [
                0.5,
                0.1
            ],
            [
                0.4,
                0.9
            ],
            [
                0.4,
                0.7
            ],
            [
                0.4,
                0.5
            ],
            [
                0.4,
                0.3
            ],
            [
                0.4,
                0.1
            ],
            [
                0.3,
                0.9
            ],
            [
                0.3,
                0.8
            ],
            [
                0.3,
                0.7
            ],
            [
                0.3,
                0.5
            ],
            [
                0.3,
                0.4
            ],
            [
                0.3,
                0.2
            ],
            [
                0.3,
                0.1
            ],
            [
                0.2,
                0.9
            ],
            [
                0.2,
                0.7
            ],
            [
                0.2,
                0.5
            ],
            [
                0.2,
                0.3
            ],
            [
                0.2,
                0.1
            ],
            [
                0.1,
                0.9
            ],
            [
                0.1,
                0.8
            ],
            [
                0.1,
                0.7
            ],
            [
                0.1,
                0.6
            ],
            [
                0.1,
                0.5
            ],
            [
                0.1,
                0.4
            ],
            [
                0.1,
                0.3
            ],
            [
                0.1,
                0.2
            ],
            [
                0.1,
                0.1
            ],
            [
                0.1,
                0.0
            ],
            [
                0.0,
                0.1
            ]
        ]
    },
    "golden_groups": [
        [
            [
                0,
                9
            ]
        ],
        [
            [
                0,
                9
            ]
        ]
    ]
}