{
    "best_dist": {
        "score": 39.29423370316535,
        "norm_avg": 0.40931493440797234,
        "weight": [
            0.9,
            0.3,
            0.8
        ],
        "weights": [
            [
                0.9,
                0.3,
                0.8
            ],
            [
                0.9,
                0.3,
                0.7
            ],
            [
                0.9,
                0.3,
                0.5
            ],
            [
                0.9,
                0.3,
                0.4
            ],
            [
                0.9,
                0.3,
                0.2
            ],
            [
                0.9,
                0.3,
                0.1
            ],
            [
                0.7,
                0.2,
                0.9
            ],
            [
                0.7,
                0.2,
                0.8
            ],
            [
                0.7,
                0.2,
                0.7
            ],
            [
                0.7,
                0.2,
                0.6
            ],
            [
                0.7,
                0.2,
                0.5
            ],
            [
                0.7,
                0.2,
                0.4
            ],
            [
                0.7,
                0.2,
                0.3
            ],
            [
                0.7,
                0.2,
                0.2
            ],
            [
                0.7,
                0.2,
                0.1
            ],
            [
                0.7,
                0.2,
                0.0
            ],
            [
                0.6,
                0.2,
                0.7
            ],
            [
                0.6,
                0.2,
                0.3
            ],
            [
                0.3,
                0.1,
                0.9
            ],
            [
                0.3,
                0.1,
                0.7
            ],
            [
                0.3,
                0.1,
                0.4
            ],
            [
                0.3,
                0.1,
                0.1
            ]
        ]
    },
    "golden_groups": [
        [
            [
                3,
                3
            ],
            [
                6,
                7
            ],
            [
                9,
                9
            ]
        ],
        [
            [
                1,
                3
            ]
        ],
        [
            [
                0,
                9
            ]
        ]
    ]
}