{
    "best_dist": {
        "score": 38.88334220011454,
        "norm_avg": 0.40503481458452645,
        "weight": [
            0.7,
            0.3,
            0.9
        ],
        "weights": [
            [
                0.7,
                0.3,
                0.9
            ],
            [
                0.7,
                0.3,
                0.8
            ],
            [
                0.7,
                0.3,
                0.7
            ],
            [
                0.7,
                0.3,
                0.6
            ],
            [
                0.7,
                0.3,
                0.5
            ],
            [
                0.7,
                0.3,
                0.4
            ],
            [
                0.7,
                0.3,
                0.3
            ],
            [
                0.7,
                0.3,
                0.2
            ],
            [
                0.7,
                0.3,
                0.1
            ],
            [
                0.7,
                0.3,
                0.0
            ]
        ]
    },
    "golden_groups": [
        [
            [
                7,
                7
            ]
        ],
        [
            [
                3,
                3
            ]
        ],
        [
            [
                0,
                9
            ]
        ]
    ]
}