{
    "best_dist": {
        "score": 46.046423010616174,
        "norm_avg": 0.47965023969391846,
        "weight": [
            0.0,
            0.9,
            0.8,
            0.2
        ],
        "weights": [
            [
                0.0,
                0.9,
                0.8,
                0.2
            ],
            [
                0.0,
                0.9,
                0.7,
                0.1
            ],
            [
                0.0,
                0.6,
                0.9,
                0.5
            ],
            [
                0.0,
                0.6,
                0.7,
                0.3
            ],
            [
                0.0,
                0.6,
                0.5,
                0.1
            ],
            [
                0.0,
                0.3,
                0.9,
                0.7
            ],
            [
                0.0,
                0.3,
                0.8,
                0.6
            ],
            [
                0.0,
                0.3,
                0.7,
                0.5
            ],
            [
                0.0,
                0.3,
                0.6,
                0.4
            ],
            [
                0.0,
                0.3,
                0.5,
                0.3
            ],
            [
                0.0,
                0.3,
                0.4,
                0.2
            ],
            [
                0.0,
                0.3,
                0.3,
                0.1
            ],
            [
                0.0,
                0.3,
                0.2,
                0.0
            ]
        ]
    },
    "golden_groups": [
        [
            [
                0,
                0
            ]
        ],
        [
            [
                3,
                3
            ],
            [
                6,
                6
            ],
            [
                9,
                9
            ]
        ],
        [
            [
                2,
                9
            ]
        ],
        [
            [
                0,
                7
            ]
        ]
    ]
}