{
    "best_dist": {
        "score": 52.82224375311435,
        "norm_avg": 0.5502317057616078,
        "weight": [
            0.9,
            0.4
        ],
        "weights": [
            [
                0.9,
                0.4
            ],
            [
                0.8,
                0.3
            ],
            [
                0.7,
                0.3
            ],
            [
                0.5,
                0.2
            ],
            [
                0.3,
                0.1
            ]
        ]
    },
    "golden_groups": [
        [
            [
                3,
                3
            ],
            [
                5,
                5
            ],
            [
                7,
                9
            ]
        ],
        [
            [
                1,
                4
            ]
        ]
    ]
}