{
    "best_dist": {
        "score": 48.42618786826699,
        "norm_avg": 0.5044394569611145,
        "weight": [
            0.7,
            0.3,
            0.9,
            0.9
        ],
        "weights": [
            [
                0.7,
                0.3,
                0.9,
                0.9
            ],
            [
                0.7,
                0.3,
                0.8,
                0.8
            ],
            [
                0.7,
                0.3,
                0.7,
                0.7
            ],
            [
                0.7,
                0.3,
                0.6,
                0.6
            ],
            [
                0.7,
                0.3,
                0.5,
                0.5
            ],
            [
                0.7,
                0.3,
                0.4,
                0.4
            ],
            [
                0.7,
                0.3,
                0.3,
                0.3
            ],
            [
                0.7,
                0.3,
                0.2,
                0.2
            ],
            [
                0.7,
                0.3,
                0.1,
                0.1
            ],
            [
                0.7,
                0.3,
                0.0,
                0.0
            ]
        ]
    },
    "golden_groups": [
        [
            [
                7,
                7
            ]
        ],
        [
            [
                3,
                3
            ]
        ],
        [
            [
                0,
                9
            ]
        ],
        [
            [
                0,
                9
            ]
        ]
    ]
}