{
    "best_dist": {
        "score": 50.72072781952263,
        "norm_avg": 0.4090381275767954,
        "weight": [
            0.9,
            0.8,
            0.0,
            0.6000000000000001
        ],
        "weights": [
            [
                0.9,
                0.8,
                0.0,
                0.6000000000000001
            ]
        ]
    },
    "golden_groups": [
        {
            "stats": {
                "mean": 0.9,
                "variance": 0.0,
                "standard_deviation": 0.0,
                "harmonic_mean": 0.9,
                "median": 0.9,
                "median_low": 0.9,
                "median_high": 0.9,
                "median_grouped": 0.9,
                "mode": 0.9
            },
            "data": [
                [
                    9,
                    9
                ]
            ]
        },
        {
            "stats": {
                "mean": 0.8,
                "variance": 0.0,
                "standard_deviation": 0.0,
                "harmonic_mean": 0.8,
                "median": 0.8,
                "median_low": 0.8,
                "median_high": 0.8,
                "median_grouped": 0.8,
                "mode": 0.8
            },
            "data": [
                [
                    8,
                    8
                ]
            ]
        },
        {
            "stats": {
                "mean": 0.0,
                "variance": 0.0,
                "standard_deviation": 0.0,
                "harmonic_mean": 0.0,
                "median": 0.0,
                "median_low": 0.0,
                "median_high": 0.0,
                "median_grouped": 0.0,
                "mode": 0.0
            },
            "data": [
                [
                    0,
                    0
                ]
            ]
        },
        {
            "stats": {
                "mean": 0.6000000000000001,
                "variance": 0.0,
                "standard_deviation": 0.0,
                "harmonic_mean": 0.6000000000000001,
                "median": 0.6000000000000001,
                "median_low": 0.6000000000000001,
                "median_high": 0.6000000000000001,
                "median_grouped": 0.6000000000000001,
                "mode": 0.6000000000000001
            },
            "data": [
                [
                    6,
                    6
                ]
            ]
        }
    ]
}