{
    "best_dist": {
        "score": 1.0,
        "norm_avg": 1.0,
        "weight": [
            0.1,
            0.9,
            0.2
        ],
        "weights": [
            [
                0.1,
                0.9,
                0.2
            ],
            [
                0.2,
                0.9,
                0.30000000000000004
            ],
            [
                0.30000000000000004,
                0.7000000000000001,
                0.8
            ],
            [
                0.4,
                0.7000000000000001,
                0.4
            ],
            [
                0.5,
                0.5,
                0.9
            ],
            [
                0.6000000000000001,
                0.5,
                0.4
            ],
            [
                0.7000000000000001,
                0.4,
                0.30000000000000004
            ],
            [
                0.8,
                0.30000000000000004,
                0.1
            ],
            [
                0.1,
                0.1,
                0.6000000000000001
            ],
            [
                0.9,
                0.2,
                0.6000000000000001
            ]
        ]
    },
    "golden_groups": [
        {
            "stats": {
                "mean": 0.46,
                "variance": 0.07440000000000001,
                "standard_deviation": 0.27276363393971714,
                "harmonic_mean": 0.26116696030676756,
                "median": 0.45,
                "median_low": 0.4,
                "median_high": 0.5,
                "median_grouped": 0.0,
                "mode": 0.1
            },
            "data": [
                [
                    1,
                    9
                ]
            ]
        },
        {
            "stats": {
                "mean": 0.52,
                "variance": 0.06960000000000001,
                "standard_deviation": 0.2638181191654584,
                "harmonic_mean": 0.33430618201114354,
                "median": 0.5,
                "median_low": 0.5,
                "median_high": 0.5,
                "median_grouped": 0.5,
                "mode": null
            },
            "data": [
                [
                    1,
                    5
                ],
                [
                    7,
                    7
                ],
                [
                    9,
                    9
                ]
            ]
        },
        {
            "stats": {
                "mean": 0.46,
                "variance": 0.0604,
                "standard_deviation": 0.24576411454889016,
                "harmonic_mean": 0.3090128755364807,
                "median": 0.4,
                "median_low": 0.4,
                "median_high": 0.4,
                "median_grouped": 0.4,
                "mode": null
            },
            "data": [
                [
                    1,
                    4
                ],
                [
                    6,
                    6
                ],
                [
                    8,
                    9
                ]
            ]
        }
    ]
}