{
    "best_dist": {
        "score": 36.46725161109363,
        "norm_avg": 0.4798322580407057,
        "weight": [
            0.0,
            0.9,
            0.8,
            0.2
        ],
        "weights": [
            [
                0.0,
                0.9,
                0.8,
                0.2
            ],
            [
                0.0,
                0.9,
                0.7,
                0.1
            ],
            [
                0.0,
                0.6,
                0.9,
                0.5
            ],
            [
                0.0,
                0.6,
                0.7,
                0.3
            ],
            [
                0.0,
                0.6,
                0.5,
                0.1
            ],
            [
                0.0,
                0.3,
                0.9,
                0.7
            ],
            [
                0.0,
                0.3,
                0.8,
                0.6
            ],
            [
                0.0,
                0.3,
                0.7,
                0.5
            ],
            [
                0.0,
                0.3,
                0.6,
                0.4
            ],
            [
                0.0,
                0.3,
                0.5,
                0.3
            ],
            [
                0.0,
                0.3,
                0.4,
                0.2
            ],
            [
                0.0,
                0.3,
                0.3,
                0.1
            ],
            [
                0.0,
                0.3,
                0.2,
                0.0
            ]
        ]
    },
    "golden_groups": [
        {
            "stats": {
                "mean": 0.0,
                "variance": 0.0,
                "standard_deviation": 0.0,
                "harmonic_mean": 0.0,
                "median": 0.0,
                "median_low": 0.0,
                "median_high": 0.0,
                "median_grouped": 0.0,
                "mode": 0.0
            },
            "data": [
                [
                    0,
                    0
                ]
            ]
        },
        {
            "stats": {
                "mean": 0.4615384615384615,
                "variance": 0.05005917159763314,
                "standard_deviation": 0.22373907034229212,
                "harmonic_mean": 0.3836065573770492,
                "median": 0.3,
                "median_low": 0.3,
                "median_high": 0.3,
                "median_grouped": 0.6125,
                "mode": 0.3
            },
            "data": [
                [
                    3,
                    3
                ],
                [
                    6,
                    6
                ],
                [
                    9,
                    9
                ]
            ]
        },
        {
            "stats": {
                "mean": 0.6153846153846154,
                "variance": 0.04591715976331361,
                "standard_deviation": 0.21428289657206337,
                "harmonic_mean": 0.5096453018046049,
                "median": 0.7,
                "median_low": 0.7,
                "median_high": 0.7,
                "median_grouped": 0.3666666666666666,
                "mode": 0.7
            },
            "data": [
                [
                    2,
                    9
                ]
            ]
        },
        {
            "stats": {
                "mean": 0.3076923076923077,
                "variance": 0.043786982248520706,
                "standard_deviation": 0.20925339244208374,
                "harmonic_mean": 0.0,
                "median": 0.3,
                "median_low": 0.3,
                "median_high": 0.3,
                "median_grouped": 0.04999999999999999,
                "mode": 0.1
            },
            "data": [
                [
                    0,
                    7
                ]
            ]
        }
    ]
}