{
    "best_dist": {
        "score": 31.8701757909803,
        "norm_avg": 0.4193444183023724,
        "weight": [
            0.9,
            0.2,
            0.9
        ],
        "weights": [
            [
                0.9,
                0.2,
                0.9
            ],
            [
                0.9,
                0.2,
                0.6
            ],
            [
                0.9,
                0.2,
                0.5
            ],
            [
                0.9,
                0.2,
                0.4
            ],
            [
                0.9,
                0.2,
                0.2
            ],
            [
                0.5,
                0.1,
                0.9
            ],
            [
                0.5,
                0.1,
                0.8
            ],
            [
                0.5,
                0.1,
                0.7
            ],
            [
                0.5,
                0.1,
                0.6
            ],
            [
                0.5,
                0.1,
                0.5
            ],
            [
                0.5,
                0.1,
                0.4
            ],
            [
                0.5,
                0.1,
                0.3
            ],
            [
                0.5,
                0.1,
                0.2
            ],
            [
                0.5,
                0.1,
                0.1
            ],
            [
                0.5,
                0.1,
                0.0
            ]
        ]
    },
    "golden_groups": [
        [
            [
                5,
                5
            ],
            [
                9,
                9
            ]
        ],
        [
            [
                1,
                2
            ]
        ],
        [
            [
                0,
                9
            ]
        ]
    ]
}