{
    "best_dist": {
        "score": 33.04639364527398,
        "norm_avg": 0.43482096901676287,
        "weight": [
            0.2,
            0.9,
            0.4,
            0.9
        ],
        "weights": [
            [
                0.2,
                0.9,
                0.4,
                0.9
            ],
            [
                0.2,
                0.9,
                0.3,
                0.8
            ],
            [
                0.2,
                0.9,
                0.2,
                0.7
            ],
            [
                0.2,
                0.9,
                0.1,
                0.6
            ],
            [
                0.2,
                0.9,
                0.0,
                0.5
            ],
            [
                0.2,
                0.8,
                0.4,
                0.9
            ],
            [
                0.2,
                0.8,
                0.3,
                0.8
            ],
            [
                0.2,
                0.8,
                0.2,
                0.7
            ],
            [
                0.2,
                0.8,
                0.1,
                0.6
            ],
            [
                0.2,
                0.8,
                0.0,
                0.5
            ],
            [
                0.1,
                0.5,
                0.6,
                0.9
            ],
            [
                0.1,
                0.5,
                0.5,
                0.8
            ],
            [
                0.1,
                0.5,
                0.4,
                0.7
            ],
            [
                0.1,
                0.5,
                0.3,
                0.6
            ],
            [
                0.1,
                0.5,
                0.2,
                0.5
            ],
            [
                0.1,
                0.5,
                0.1,
                0.4
            ],
            [
                0.1,
                0.5,
                0.0,
                0.3
            ]
        ]
    },
    "golden_groups": [
        [
            [
                1,
                2
            ]
        ],
        [
            [
                5,
                5
            ],
            [
                8,
                9
            ]
        ],
        [
            [
                0,
                6
            ]
        ],
        [
            [
                3,
                9
            ]
        ]
    ]
}