{
    "best_dist": {
        "score": 31.8701757909803,
        "norm_avg": 0.4193444183023724,
        "weight": [
            0.9,
            0.2,
            0.9
        ],
        "weights": [
            [
                0.9,
                0.2,
                0.9
            ],
            [
                0.9,
                0.2,
                0.6
            ],
            [
                0.9,
                0.2,
                0.5
            ],
            [
                0.9,
                0.2,
                0.4
            ],
            [
                0.9,
                0.2,
                0.2
            ],
            [
                0.5,
                0.1,
                0.9
            ],
            [
                0.5,
                0.1,
                0.8
            ],
            [
                0.5,
                0.1,
                0.7
            ],
            [
                0.5,
                0.1,
                0.6
            ],
            [
                0.5,
                0.1,
                0.5
            ],
            [
                0.5,
                0.1,
                0.4
            ],
            [
                0.5,
                0.1,
                0.3
            ],
            [
                0.5,
                0.1,
                0.2
            ],
            [
                0.5,
                0.1,
                0.1
            ],
            [
                0.5,
                0.1,
                0.0
            ]
        ]
    },
    "golden_groups": [
        {
            "stats": {
                "mean": 0.6333333333333333,
                "variance": 0.03555555555555556,
                "standard_deviation": 0.1885618083164127,
                "harmonic_mean": 0.5869565217391304,
                "median": 0.5,
                "median_low": 0.5,
                "median_high": 0.5,
                "median_grouped": 0.75,
                "mode": 0.5
            },
            "data": [
                [
                    5,
                    5
                ],
                [
                    9,
                    9
                ]
            ]
        },
        {
            "stats": {
                "mean": 0.13333333333333333,
                "variance": 0.0022222222222222227,
                "standard_deviation": 0.047140452079103175,
                "harmonic_mean": 0.12,
                "median": 0.1,
                "median_low": 0.1,
                "median_high": 0.1,
                "median_grouped": 0.35,
                "mode": 0.1
            },
            "data": [
                [
                    1,
                    2
                ]
            ]
        },
        {
            "stats": {
                "mean": 0.47333333333333333,
                "variance": 0.07395555555555555,
                "standard_deviation": 0.27194770739161517,
                "harmonic_mean": 0.0,
                "median": 0.5,
                "median_low": 0.5,
                "median_high": 0.5,
                "median_grouped": 0.25,
                "mode": null
            },
            "data": [
                [
                    0,
                    9
                ]
            ]
        }
    ]
}