{
    "best_dist": {
        "score": 442980.81574757764,
        "avg": 8685.898347991719,
        "weight": [
            0.1,
            0.8
        ],
        "norm_score": 0.9164803428035686,
        "weights": [
            [
                0.1,
                0.8
            ],
            [
                0.1,
                0.9
            ],
            [
                0.1,
                1.0
            ],
            [
                0.2,
                0.1
            ],
            [
                0.2,
                0.30000000000000004
            ],
            [
                0.2,
                0.5
            ],
            [
                0.2,
                0.7000000000000001
            ],
            [
                0.2,
                0.9
            ],
            [
                0.30000000000000004,
                0.1
            ],
            [
                0.30000000000000004,
                0.2
            ],
            [
                0.0,
                0.1
            ],
            [
                0.30000000000000004,
                0.4
            ],
            [
                0.30000000000000004,
                0.5
            ],
            [
                0.30000000000000004,
                0.7000000000000001
            ],
            [
                0.30000000000000004,
                0.8
            ],
            [
                0.30000000000000004,
                0.9
            ],
            [
                0.30000000000000004,
                1.0
            ],
            [
                0.4,
                0.1
            ],
            [
                0.4,
                0.30000000000000004
            ],
            [
                0.4,
                0.5
            ],
            [
                0.4,
                0.7000000000000001
            ],
            [
                0.4,
                0.9
            ],
            [
                0.5,
                0.1
            ],
            [
                0.5,
                0.2
            ],
            [
                0.5,
                0.30000000000000004
            ],
            [
                0.5,
                0.4
            ],
            [
                0.5,
                0.6000000000000001
            ],
            [
                0.5,
                0.7000000000000001
            ],
            [
                0.5,
                0.8
            ],
            [
                0.5,
                0.9
            ],
            [
                0.6000000000000001,
                0.1
            ],
            [
                0.1,
                0.1
            ],
            [
                0.6000000000000001,
                0.5
            ],
            [
                0.6000000000000001,
                0.7000000000000001
            ],
            [
                0.6000000000000001,
                0.9
            ],
            [
                0.7000000000000001,
                0.1
            ],
            [
                0.7000000000000001,
                0.2
            ],
            [
                0.7000000000000001,
                0.30000000000000004
            ],
            [
                0.7000000000000001,
                0.4
            ],
            [
                0.7000000000000001,
                0.5
            ],
            [
                0.7000000000000001,
                0.6000000000000001
            ],
            [
                0.7000000000000001,
                0.8
            ],
            [
                0.1,
                0.2
            ],
            [
                0.7000000000000001,
                0.9
            ],
            [
                0.7000000000000001,
                1.0
            ],
            [
                0.8,
                0.1
            ],
            [
                0.8,
                0.30000000000000004
            ],
            [
                0.8,
                0.5
            ],
            [
                0.8,
                0.7000000000000001
            ],
            [
                0.8,
                0.9
            ],
            [
                0.9,
                0.1
            ],
            [
                0.9,
                0.2
            ],
            [
                0.9,
                0.4
            ],
            [
                0.1,
                0.30000000000000004
            ],
            [
                0.9,
                0.5
            ],
            [
                0.9,
                0.7000000000000001
            ],
            [
                0.9,
                0.8
            ],
            [
                0.9,
                1.0
            ],
            [
                1.0,
                0.1
            ],
            [
                1.0,
                0.30000000000000004
            ],
            [
                1.0,
                0.7000000000000001
            ],
            [
                1.0,
                0.9
            ],
            [
                0.1,
                0.4
            ],
            [
                0.1,
                0.5
            ],
            [
                0.1,
                0.6000000000000001
            ],
            [
                0.1,
                0.7000000000000001
            ]
        ]
    },
    "golden_groups": [
        {
            "stats": {
                "mean": 0.5060606060606061,
                "variance": 0.08541781450872361,
                "standard_deviation": 0.2922632623316239,
                "median": 0.5,
                "median_low": 0.5,
                "median_high": 0.5,
                "median_grouped": 0.5,
                "mode": 0.1
            },
            "data": [
                [
                    0,
                    10
                ]
            ]
        },
        {
            "stats": {
                "mean": 0.5212121212121212,
                "variance": 0.08773186409550046,
                "standard_deviation": 0.2961956517160582,
                "median": 0.5,
                "median_low": 0.5,
                "median_high": 0.5,
                "median_grouped": 0.625,
                "mode": 0.1
            },
            "data": [
                [
                    1,
                    10
                ]
            ]
        }
    ]
}