{
    "best_dist": {
        "score": 14.803926491357453,
        "norm_avg": 0.5693817881291328,
        "weight": [
            0.8,
            0.4,
            0.30000000000000004,
            0.0
        ],
        "weights": [
            [
                0.8,
                0.4,
                0.30000000000000004,
                0.0
            ]
        ]
    },
    "golden_groups": [
        {
            "stats": {
                "mean": 0.8,
                "variance": 0.0,
                "standard_deviation": 0.0,
                "harmonic_mean": 0.8,
                "median": 0.8,
                "median_low": 0.8,
                "median_high": 0.8,
                "median_grouped": 0.8,
                "mode": 0.8
            },
            "data": [
                [
                    8,
                    8
                ]
            ]
        },
        {
            "stats": {
                "mean": 0.4,
                "variance": 0.0,
                "standard_deviation": 0.0,
                "harmonic_mean": 0.4,
                "median": 0.4,
                "median_low": 0.4,
                "median_high": 0.4,
                "median_grouped": 0.4,
                "mode": 0.4
            },
            "data": [
                [
                    4,
                    4
                ]
            ]
        },
        {
            "stats": {
                "mean": 0.30000000000000004,
                "variance": 0.0,
                "standard_deviation": 0.0,
                "harmonic_mean": 0.30000000000000004,
                "median": 0.30000000000000004,
                "median_low": 0.30000000000000004,
                "median_high": 0.30000000000000004,
                "median_grouped": 0.30000000000000004,
                "mode": 0.30000000000000004
            },
            "data": [
                [
                    3,
                    3
                ]
            ]
        },
        {
            "stats": {
                "mean": 0.0,
                "variance": 0.0,
                "standard_deviation": 0.0,
                "harmonic_mean": 0.0,
                "median": 0.0,
                "median_low": 0.0,
                "median_high": 0.0,
                "median_grouped": 0.0,
                "mode": 0.0
            },
            "data": [
                [
                    0,
                    0
                ]
            ]
        }
    ]
}