{
    "best_dist": {
        "score": 19.19609220273759,
        "error_count": 10,
        "avg": 0.2525801605623367,
        "weight": [
            0.6000000000000001,
            0.8,
            0.7000000000000001,
            1.0
        ],
        "norm_score": 0.0,
        "weights": [
            [
                0.6000000000000001,
                0.8,
                0.7000000000000001,
                1.0
            ],
            [
                0.6000000000000001,
                0.8,
                0.6000000000000001,
                0.9
            ],
            [
                0.6000000000000001,
                0.8,
                0.5,
                0.8
            ],
            [
                0.6000000000000001,
                0.8,
                0.4,
                0.7000000000000001
            ],
            [
                0.6000000000000001,
                0.8,
                0.30000000000000004,
                0.6000000000000001
            ],
            [
                0.6000000000000001,
                0.8,
                0.2,
                0.5
            ],
            [
                0.6000000000000001,
                0.8,
                0.1,
                0.4
            ],
            [
                0.6000000000000001,
                0.8,
                0.0,
                0.30000000000000004
            ]
        ]
    },
    "golden_groups": [
        {
            "stats": {
                "mean": 0.6000000000000001,
                "variance": 0.0,
                "standard_deviation": 0.0,
                "median": 0.6000000000000001,
                "median_low": 0.6000000000000001,
                "median_high": 0.6000000000000001,
                "median_grouped": 0.6000000000000001,
                "mode": 0.6000000000000001
            },
            "data": [
                [
                    6,
                    6
                ]
            ]
        },
        {
            "stats": {
                "mean": 0.8,
                "variance": 0.0,
                "standard_deviation": 0.0,
                "median": 0.8,
                "median_low": 0.8,
                "median_high": 0.8,
                "median_grouped": 0.8,
                "mode": 0.8
            },
            "data": [
                [
                    8,
                    8
                ]
            ]
        },
        {
            "stats": {
                "mean": 0.35000000000000003,
                "variance": 0.05250000000000001,
                "standard_deviation": 0.22912878474779202,
                "median": 0.35000000000000003,
                "median_low": 0.30000000000000004,
                "median_high": 0.4,
                "median_grouped": -0.09999999999999998,
                "mode": null
            },
            "data": [
                [
                    0,
                    7
                ]
            ]
        },
        {
            "stats": {
                "mean": 0.65,
                "variance": 0.0525,
                "standard_deviation": 0.229128784747792,
                "median": 0.6500000000000001,
                "median_low": 0.6000000000000001,
                "median_high": 0.7000000000000001,
                "median_grouped": 0.20000000000000007,
                "mode": null
            },
            "data": [
                [
                    3,
                    10
                ]
            ]
        }
    ]
}