{
    "best_dist": {
        "score": 2310,
        "error_count": 9,
        "avg": 30.394736842105264,
        "weight": [
            0.2,
            0.0,
            0.1,
            1.0
        ],
        "norm_score": 0.0,
        "weights": [
            [
                0.2,
                0.0,
                0.1,
                1.0
            ],
            [
                0.2,
                0.0,
                0.0,
                0.9
            ],
            [
                0.1,
                0.0,
                0.5,
                1.0
            ],
            [
                0.1,
                0.0,
                0.5,
                0.9
            ],
            [
                0.1,
                0.0,
                0.4,
                1.0
            ],
            [
                0.1,
                0.0,
                0.4,
                0.9
            ],
            [
                0.1,
                0.0,
                0.4,
                0.8
            ],
            [
                0.1,
                0.0,
                0.30000000000000004,
                1.0
            ],
            [
                0.1,
                0.0,
                0.30000000000000004,
                0.9
            ],
            [
                0.1,
                0.0,
                0.30000000000000004,
                0.8
            ],
            [
                0.1,
                0.0,
                0.30000000000000004,
                0.7000000000000001
            ],
            [
                0.1,
                0.0,
                0.2,
                1.0
            ],
            [
                0.1,
                0.0,
                0.2,
                0.9
            ],
            [
                0.1,
                0.0,
                0.2,
                0.8
            ],
            [
                0.1,
                0.0,
                0.2,
                0.7000000000000001
            ],
            [
                0.1,
                0.0,
                0.2,
                0.6000000000000001
            ],
            [
                0.1,
                0.0,
                0.1,
                1.0
            ],
            [
                0.1,
                0.0,
                0.1,
                0.9
            ],
            [
                0.1,
                0.0,
                0.1,
                0.8
            ],
            [
                0.1,
                0.0,
                0.1,
                0.7000000000000001
            ],
            [
                0.1,
                0.0,
                0.1,
                0.6000000000000001
            ],
            [
                0.1,
                0.0,
                0.0,
                1.0
            ],
            [
                0.1,
                0.0,
                0.0,
                0.9
            ],
            [
                0.1,
                0.0,
                0.0,
                0.8
            ],
            [
                0.1,
                0.0,
                0.0,
                0.7000000000000001
            ],
            [
                0.1,
                0.0,
                0.0,
                0.6000000000000001
            ],
            [
                0.1,
                0.0,
                0.0,
                0.5
            ]
        ]
    },
    "golden_groups": [
        {
            "stats": {
                "mean": 0.10740740740740741,
                "variance": 0.0006858710562414267,
                "standard_deviation": 0.026189140043946207,
                "median": 0.1,
                "median_low": 0.1,
                "median_high": 0.1,
                "median_grouped": 0.14,
                "mode": 0.1
            },
            "data": [
                [
                    1,
                    2
                ]
            ]
        },
        {
            "stats": {
                "mean": 0.0,
                "variance": 0.0,
                "standard_deviation": 0.0,
                "median": 0.0,
                "median_low": 0.0,
                "median_high": 0.0,
                "median_grouped": 0.0,
                "mode": 0.0
            },
            "data": [
                [
                    0,
                    0
                ]
            ]
        },
        {
            "stats": {
                "mean": 0.1851851851851852,
                "variance": 0.02496570644718793,
                "standard_deviation": 0.15800540005704847,
                "median": 0.2,
                "median_low": 0.2,
                "median_high": 0.2,
                "median_grouped": -0.19999999999999998,
                "mode": 0.0
            },
            "data": [
                [
                    0,
                    5
                ]
            ]
        },
        {
            "stats": {
                "mean": 0.8296296296296297,
                "variance": 0.02134430727023319,
                "standard_deviation": 0.1460969105430816,
                "median": 0.9,
                "median_low": 0.9,
                "median_high": 0.9,
                "median_grouped": 0.4714285714285714,
                "mode": null
            },
            "data": [
                [
                    5,
                    10
                ]
            ]
        }
    ]
}