{
    "best_dist": {
        "score": 1.2349231372154355,
        "norm_avg": 0.6174615686077177,
        "weight": [
            0.1,
            0.8,
            0.5,
            0.0
        ],
        "weights": [
            [
                0.1,
                0.8,
                0.5,
                0.0
            ],
            [
                0.2,
                0.8,
                0.8,
                0.5
            ],
            [
                0.30000000000000004,
                0.6000000000000001,
                0.7000000000000001,
                0.4
            ],
            [
                0.5,
                0.30000000000000004,
                0.2,
                0.30000000000000004
            ],
            [
                0.5,
                0.5,
                0.5,
                0.4
            ],
            [
                0.5,
                0.6000000000000001,
                0.30000000000000004,
                0.1
            ],
            [
                0.6000000000000001,
                0.30000000000000004,
                0.7000000000000001,
                0.9
            ],
            [
                0.6000000000000001,
                0.5,
                0.5,
                0.6000000000000001
            ],
            [
                0.7000000000000001,
                0.6000000000000001,
                0.7000000000000001,
                0.9
            ],
            [
                0.7000000000000001,
                0.9,
                0.8,
                0.7000000000000001
            ],
            [
                0.8,
                0.8,
                0.6000000000000001,
                0.5
            ],
            [
                0.9,
                0.5,
                0.1,
                0.2
            ],
            [
                0.9,
                0.7000000000000001,
                0.5,
                0.6000000000000001
            ],
            [
                0.9,
                0.8,
                0.30000000000000004,
                0.2
            ],
            [
                0.1,
                0.1,
                0.6000000000000001,
                0.6000000000000001
            ]
        ]
    },
    "golden_groups": [
        {
            "stats": {
                "mean": 0.5533333333333333,
                "variance": 0.07182222222222223,
                "standard_deviation": 0.2679966832298904,
                "harmonic_mean": 0.332541567695962,
                "median": 0.6000000000000001,
                "median_low": 0.6000000000000001,
                "median_high": 0.6000000000000001,
                "median_grouped": 0.3500000000000001,
                "mode": null
            },
            "data": [
                [
                    1,
                    3
                ],
                [
                    5,
                    9
                ]
            ]
        },
        {
            "stats": {
                "mean": 0.5866666666666667,
                "variance": 0.047822222222222224,
                "standard_deviation": 0.21868292622475635,
                "harmonic_mean": 0.4260595130748422,
                "median": 0.6000000000000001,
                "median_low": 0.6000000000000001,
                "median_high": 0.6000000000000001,
                "median_grouped": 0.6000000000000001,
                "mode": 0.8
            },
            "data": [
                [
                    1,
                    1
                ],
                [
                    3,
                    3
                ],
                [
                    5,
                    9
                ]
            ]
        },
        {
            "stats": {
                "mean": 0.52,
                "variance": 0.042933333333333344,
                "standard_deviation": 0.20720360357226741,
                "harmonic_mean": 0.3770197486535009,
                "median": 0.5,
                "median_low": 0.5,
                "median_high": 0.5,
                "median_grouped": 0.875,
                "mode": 0.5
            },
            "data": [
                [
                    1,
                    3
                ],
                [
                    5,
                    8
                ]
            ]
        },
        {
            "stats": {
                "mean": 0.46,
                "variance": 0.06773333333333334,
                "standard_deviation": 0.2602562839459085,
                "harmonic_mean": 0.0,
                "median": 0.5,
                "median_low": 0.5,
                "median_high": 0.5,
                "median_grouped": 0.25,
                "mode": 0.6000000000000001
            },
            "data": [
                [
                    0,
                    7
                ],
                [
                    9,
                    9
                ]
            ]
        }
    ]
}