{
    "best_dist": {
        "score": -1.3595208833153607,
        "avg": -0.15105787592392897,
        "weight": [
            0.5,
            0.9,
            0.7000000000000001
        ],
        "norm_avg": 0.0,
        "weights": [
            [
                0.5,
                0.9,
                0.7000000000000001
            ]
        ]
    },
    "golden_groups": [
        {
            "stats": {
                "mean": 0.5,
                "variance": 0.0,
                "standard_deviation": 0.0,
                "median": 0.5,
                "median_low": 0.5,
                "median_high": 0.5,
                "median_grouped": 0.5,
                "mode": 0.5
            },
            "data": [
                [
                    5,
                    5
                ]
            ]
        },
        {
            "stats": {
                "mean": 0.9,
                "variance": 0.0,
                "standard_deviation": 0.0,
                "median": 0.9,
                "median_low": 0.9,
                "median_high": 0.9,
                "median_grouped": 0.9,
                "mode": 0.9
            },
            "data": [
                [
                    9,
                    9
                ]
            ]
        },
        {
            "stats": {
                "mean": 0.7000000000000001,
                "variance": 0.0,
                "standard_deviation": 0.0,
                "median": 0.7000000000000001,
                "median_low": 0.7000000000000001,
                "median_high": 0.7000000000000001,
                "median_grouped": 0.7000000000000001,
                "mode": 0.7000000000000001
            },
            "data": [
                [
                    7,
                    7
                ]
            ]
        }
    ]
}