{
    "best_dist": {
        "score": -0.6535725396814469,
        "avg": -0.16339313492036173,
        "weight": [
            0.5,
            0.0,
            0.9,
            0.5
        ],
        "norm_avg": 0.0,
        "weights": [
            [
                0.5,
                0.0,
                0.9,
                0.5
            ],
            [
                0.5,
                0.1,
                0.5,
                0.4
            ],
            [
                0.6000000000000001,
                0.0,
                0.5,
                0.30000000000000004
            ],
            [
                0.6000000000000001,
                0.1,
                0.9,
                0.30000000000000004
            ],
            [
                0.7000000000000001,
                0.0,
                1.0,
                0.2
            ],
            [
                0.9,
                0.0,
                0.1,
                0.0
            ],
            [
                1.0,
                0.0,
                1.0,
                0.1
            ],
            [
                1.0,
                0.1,
                0.6000000000000001,
                0.30000000000000004
            ],
            [
                1.0,
                0.2,
                0.30000000000000004,
                0.0
            ]
        ]
    },
    "golden_groups": [
        {
            "stats": {
                "mean": 0.7555555555555555,
                "variance": 0.04246913580246913,
                "standard_deviation": 0.20608041101101562,
                "median": 0.7000000000000001,
                "median_low": 0.7000000000000001,
                "median_high": 0.7000000000000001,
                "median_grouped": 0.7000000000000001,
                "mode": 1.0
            },
            "data": [
                [
                    5,
                    7
                ],
                [
                    9,
                    10
                ]
            ]
        },
        {
            "stats": {
                "mean": 0.05555555555555556,
                "variance": 0.004691358024691359,
                "standard_deviation": 0.06849348892187752,
                "median": 0.0,
                "median_low": 0.0,
                "median_high": 0.0,
                "median_grouped": 0.4,
                "mode": 0.0
            },
            "data": [
                [
                    0,
                    2
                ]
            ]
        },
        {
            "stats": {
                "mean": 0.6444444444444445,
                "variance": 0.09358024691358025,
                "standard_deviation": 0.3059088866208045,
                "median": 0.6000000000000001,
                "median_low": 0.6000000000000001,
                "median_high": 0.6000000000000001,
                "median_grouped": 0.6000000000000001,
                "mode": null
            },
            "data": [
                [
                    1,
                    1
                ],
                [
                    3,
                    3
                ],
                [
                    5,
                    6
                ],
                [
                    9,
                    10
                ]
            ]
        },
        {
            "stats": {
                "mean": 0.23333333333333336,
                "variance": 0.02666666666666667,
                "standard_deviation": 0.16329931618554522,
                "median": 0.30000000000000004,
                "median_low": 0.30000000000000004,
                "median_high": 0.30000000000000004,
                "median_grouped": -0.0333333333333333,
                "mode": 0.30000000000000004
            },
            "data": [
                [
                    0,
                    5
                ]
            ]
        }
    ]
}