{
    "best_dist": {
        "score": -0.3114462971556211,
        "avg": -0.03460514412840235,
        "weight": [
            0.4,
            0.4,
            0.1,
            0.9
        ],
        "norm_avg": 0.0,
        "weights": [
            [
                0.4,
                0.4,
                0.1,
                0.9
            ],
            [
                0.5,
                0.5,
                0.1,
                0.8
            ],
            [
                0.1,
                0.2,
                0.0,
                1.0
            ]
        ]
    },
    "golden_groups": [
        {
            "stats": {
                "mean": 0.33333333333333337,
                "variance": 0.02888888888888889,
                "standard_deviation": 0.16996731711975951,
                "median": 0.4,
                "median_low": 0.4,
                "median_high": 0.4,
                "median_grouped": 0.4,
                "mode": null
            },
            "data": [
                [
                    1,
                    1
                ],
                [
                    4,
                    5
                ]
            ]
        },
        {
            "stats": {
                "mean": 0.3666666666666667,
                "variance": 0.015555555555555555,
                "standard_deviation": 0.12472191289246472,
                "median": 0.4,
                "median_low": 0.4,
                "median_high": 0.4,
                "median_grouped": 0.4,
                "mode": null
            },
            "data": [
                [
                    2,
                    2
                ],
                [
                    4,
                    5
                ]
            ]
        },
        {
            "stats": {
                "mean": 0.06666666666666667,
                "variance": 0.0022222222222222227,
                "standard_deviation": 0.047140452079103175,
                "median": 0.1,
                "median_low": 0.1,
                "median_high": 0.1,
                "median_grouped": -0.15000000000000002,
                "mode": 0.1
            },
            "data": [
                [
                    0,
                    1
                ]
            ]
        },
        {
            "stats": {
                "mean": 0.9,
                "variance": 0.006666666666666664,
                "standard_deviation": 0.08164965809277258,
                "median": 0.9,
                "median_low": 0.9,
                "median_high": 0.9,
                "median_grouped": 0.9,
                "mode": null
            },
            "data": [
                [
                    8,
                    10
                ]
            ]
        }
    ]
}