{
    "best_dist": {
        "score": 32.28594363870065,
        "error_count": 9,
        "avg": 0.42481504787764013,
        "weight": [
            0.2,
            0.0,
            0.1,
            1.0
        ],
        "norm_score": 0.0,
        "weights": [
            [
                0.2,
                0.0,
                0.1,
                1.0
            ],
            [
                0.2,
                0.0,
                0.0,
                0.9
            ],
            [
                0.1,
                0.0,
                0.5,
                1.0
            ],
            [
                0.1,
                0.0,
                0.4,
                1.0
            ],
            [
                0.1,
                0.0,
                0.4,
                0.9
            ],
            [
                0.1,
                0.0,
                0.30000000000000004,
                1.0
            ],
            [
                0.1,
                0.0,
                0.30000000000000004,
                0.9
            ],
            [
                0.1,
                0.0,
                0.30000000000000004,
                0.8
            ],
            [
                0.1,
                0.0,
                0.2,
                1.0
            ],
            [
                0.1,
                0.0,
                0.2,
                0.9
            ],
            [
                0.1,
                0.0,
                0.2,
                0.8
            ],
            [
                0.1,
                0.0,
                0.2,
                0.7000000000000001
            ],
            [
                0.1,
                0.0,
                0.2,
                0.6000000000000001
            ],
            [
                0.1,
                0.0,
                0.1,
                1.0
            ],
            [
                0.1,
                0.0,
                0.1,
                0.9
            ],
            [
                0.1,
                0.0,
                0.1,
                0.8
            ],
            [
                0.1,
                0.0,
                0.1,
                0.7000000000000001
            ],
            [
                0.1,
                0.0,
                0.1,
                0.6000000000000001
            ],
            [
                0.1,
                0.0,
                0.0,
                1.0
            ],
            [
                0.1,
                0.0,
                0.0,
                0.9
            ],
            [
                0.1,
                0.0,
                0.0,
                0.8
            ],
            [
                0.1,
                0.0,
                0.0,
                0.7000000000000001
            ],
            [
                0.1,
                0.0,
                0.0,
                0.6000000000000001
            ],
            [
                0.1,
                0.0,
                0.0,
                0.5
            ]
        ]
    },
    "golden_groups": [
        {
            "stats": {
                "mean": 0.10833333333333334,
                "variance": 0.000763888888888889,
                "standard_deviation": 0.027638539919628335,
                "median": 0.1,
                "median_low": 0.1,
                "median_high": 0.1,
                "median_grouped": 0.1454545454545454,
                "mode": 0.1
            },
            "data": [
                [
                    1,
                    2
                ]
            ]
        },
        {
            "stats": {
                "mean": 0.0,
                "variance": 0.0,
                "standard_deviation": 0.0,
                "median": 0.0,
                "median_low": 0.0,
                "median_high": 0.0,
                "median_grouped": 0.0,
                "mode": 0.0
            },
            "data": [
                [
                    0,
                    0
                ]
            ]
        },
        {
            "stats": {
                "mean": 0.15833333333333335,
                "variance": 0.02076388888888889,
                "standard_deviation": 0.1440968038815882,
                "median": 0.1,
                "median_low": 0.1,
                "median_high": 0.1,
                "median_grouped": 0.43333333333333335,
                "mode": 0.0
            },
            "data": [
                [
                    0,
                    5
                ]
            ]
        },
        {
            "stats": {
                "mean": 0.8333333333333334,
                "variance": 0.023055555555555548,
                "standard_deviation": 0.15184055965240495,
                "median": 0.9,
                "median_low": 0.9,
                "median_high": 0.9,
                "median_grouped": 0.5666666666666667,
                "mode": 1.0
            },
            "data": [
                [
                    5,
                    10
                ]
            ]
        }
    ]
}