{
    "best_dist": {
        "score": 22.497042313171335,
        "avg": 0.4017328984494881,
        "weight": [
            0.6000000000000001,
            0.1,
            0.0
        ],
        "norm_score": 0.0,
        "weights": [
            [
                0.6000000000000001,
                0.1,
                0.0
            ],
            [
                0.5,
                0.1,
                0.0
            ]
        ]
    },
    "golden_groups": [
        {
            "stats": {
                "mean": 0.55,
                "variance": 0.0025000000000000044,
                "standard_deviation": 0.050000000000000044,
                "median": 0.55,
                "median_low": 0.5,
                "median_high": 0.6000000000000001,
                "median_grouped": 0.10000000000000009,
                "mode": null
            },
            "data": [
                [
                    5,
                    6
                ]
            ]
        },
        {
            "stats": {
                "mean": 0.1,
                "variance": 0.0,
                "standard_deviation": 0.0,
                "median": 0.1,
                "median_low": 0.1,
                "median_high": 0.1,
                "median_grouped": 0.09999999999999998,
                "mode": 0.1
            },
            "data": [
                [
                    1,
                    1
                ]
            ]
        },
        {
            "stats": {
                "mean": 0.0,
                "variance": 0.0,
                "standard_deviation": 0.0,
                "median": 0.0,
                "median_low": 0.0,
                "median_high": 0.0,
                "median_grouped": 0.0,
                "mode": 0.0
            },
            "data": [
                [
                    0,
                    0
                ]
            ]
        }
    ]
}