{
    "best_dist": {
        "score": 0.6814012864763765,
        "avg": 0.6814012864763765,
        "weight": [
            0.1,
            0.30000000000000004,
            0.30000000000000004,
            0.0
        ],
        "norm_avg": 0.0,
        "weights": [
            [
                0.1,
                0.30000000000000004,
                0.30000000000000004,
                0.0
            ],
            [
                0.1,
                0.8,
                1.0,
                0.2
            ],
            [
                0.0,
                0.2,
                0.5,
                0.2
            ],
            [
                0.1,
                1.0,
                0.9,
                0.0
            ],
            [
                0.2,
                0.5,
                0.8,
                0.1
            ],
            [
                0.2,
                0.7000000000000001,
                1.0,
                0.1
            ],
            [
                0.0,
                0.30000000000000004,
                1.0,
                0.6000000000000001
            ],
            [
                0.30000000000000004,
                0.7000000000000001,
                0.9,
                0.4
            ],
            [
                0.0,
                0.4,
                0.9,
                0.2
            ],
            [
                0.0,
                0.5,
                0.6000000000000001,
                0.2
            ],
            [
                0.0,
                0.7000000000000001,
                0.9,
                0.30000000000000004
            ]
        ]
    },
    "golden_groups": [
        {
            "stats": {
                "mean": 0.09090909090909091,
                "variance": 0.009917355371900829,
                "standard_deviation": 0.09958591954639386,
                "median": 0.1,
                "median_low": 0.1,
                "median_high": 0.1,
                "median_grouped": -0.23333333333333336,
                "mode": 0.0
            },
            "data": [
                [
                    0,
                    3
                ]
            ]
        },
        {
            "stats": {
                "mean": 0.5545454545454546,
                "variance": 0.055206611570247935,
                "standard_deviation": 0.23496087242400154,
                "median": 0.5,
                "median_low": 0.5,
                "median_high": 0.5,
                "median_grouped": 0.75,
                "mode": 0.7000000000000001
            },
            "data": [
                [
                    2,
                    5
                ],
                [
                    7,
                    8
                ],
                [
                    10,
                    10
                ]
            ]
        },
        {
            "stats": {
                "mean": 0.8,
                "variance": 0.04909090909090908,
                "standard_deviation": 0.2215646837627989,
                "median": 0.9,
                "median_low": 0.9,
                "median_high": 0.9,
                "median_grouped": 0.775,
                "mode": 0.9
            },
            "data": [
                [
                    3,
                    3
                ],
                [
                    5,
                    6
                ],
                [
                    8,
                    10
                ]
            ]
        },
        {
            "stats": {
                "mean": 0.2090909090909091,
                "variance": 0.028099173553719017,
                "standard_deviation": 0.1676280810416889,
                "median": 0.2,
                "median_low": 0.2,
                "median_high": 0.2,
                "median_grouped": 0.07500000000000001,
                "mode": 0.2
            },
            "data": [
                [
                    0,
                    4
                ],
                [
                    6,
                    6
                ]
            ]
        }
    ]
}