{
    "best_dist": {
        "score": 0.2737894057860658,
        "avg": 0.2737894057860658,
        "weight": [
            0.7000000000000001,
            0.2,
            0.2
        ],
        "norm_avg": 0.0,
        "weights": [
            [
                0.7000000000000001,
                0.2,
                0.2
            ],
            [
                0.1,
                0.0,
                0.8
            ],
            [
                1.0,
                0.30000000000000004,
                0.0
            ]
        ]
    },
    "golden_groups": [
        {
            "stats": {
                "mean": 0.6,
                "variance": 0.14,
                "standard_deviation": 0.37416573867739417,
                "median": 0.7000000000000001,
                "median_low": 0.7000000000000001,
                "median_high": 0.7000000000000001,
                "median_grouped": 0.7000000000000001,
                "mode": null
            },
            "data": [
                [
                    1,
                    1
                ],
                [
                    7,
                    7
                ],
                [
                    10,
                    10
                ]
            ]
        },
        {
            "stats": {
                "mean": 0.16666666666666669,
                "variance": 0.01555555555555556,
                "standard_deviation": 0.12472191289246473,
                "median": 0.2,
                "median_low": 0.2,
                "median_high": 0.2,
                "median_grouped": 0.2,
                "mode": null
            },
            "data": [
                [
                    0,
                    0
                ],
                [
                    2,
                    3
                ]
            ]
        },
        {
            "stats": {
                "mean": 0.33333333333333337,
                "variance": 0.11555555555555556,
                "standard_deviation": 0.33993463423951903,
                "median": 0.2,
                "median_low": 0.2,
                "median_high": 0.2,
                "median_grouped": 0.2,
                "mode": null
            },
            "data": [
                [
                    0,
                    0
                ],
                [
                    2,
                    2
                ],
                [
                    8,
                    8
                ]
            ]
        }
    ]
}