{
    "best_dist": {
        "score": 0.22876049115624142,
        "avg": 0.22876049115624142,
        "weight": [
            0.6000000000000001,
            0.30000000000000004,
            0.9
        ],
        "norm_score": 0.0,
        "weights": [
            [
                0.6000000000000001,
                0.30000000000000004,
                0.9
            ],
            [
                0.7000000000000001,
                0.2,
                0.2
            ],
            [
                0.1,
                0.0,
                0.8
            ],
            [
                1.0,
                0.30000000000000004,
                0.0
            ]
        ]
    },
    "golden_groups": [
        {
            "stats": {
                "mean": 0.6000000000000001,
                "variance": 0.10500000000000001,
                "standard_deviation": 0.32403703492039304,
                "median": 0.6500000000000001,
                "median_low": 0.6000000000000001,
                "median_high": 0.7000000000000001,
                "median_grouped": 0.20000000000000007,
                "mode": null
            },
            "data": [
                [
                    1,
                    1
                ],
                [
                    6,
                    7
                ],
                [
                    10,
                    10
                ]
            ]
        },
        {
            "stats": {
                "mean": 0.2,
                "variance": 0.015000000000000005,
                "standard_deviation": 0.12247448713915893,
                "median": 0.25,
                "median_low": 0.2,
                "median_high": 0.30000000000000004,
                "median_grouped": -0.19999999999999996,
                "mode": 0.30000000000000004
            },
            "data": [
                [
                    0,
                    0
                ],
                [
                    2,
                    3
                ]
            ]
        },
        {
            "stats": {
                "mean": 0.47500000000000003,
                "variance": 0.146875,
                "standard_deviation": 0.3832427429188973,
                "median": 0.5,
                "median_low": 0.2,
                "median_high": 0.8,
                "median_grouped": 0.30000000000000004,
                "mode": null
            },
            "data": [
                [
                    0,
                    0
                ],
                [
                    2,
                    2
                ],
                [
                    8,
                    9
                ]
            ]
        }
    ]
}