{
    "best_dist": {
        "score": 0.12748584772412963,
        "avg": 0.04249528257470988,
        "weight": [
            0.6000000000000001,
            0.1,
            0.6000000000000001
        ],
        "norm_avg": 0.0,
        "weights": [
            [
                0.6000000000000001,
                0.1,
                0.6000000000000001
            ],
            [
                0.6000000000000001,
                0.30000000000000004,
                0.9
            ],
            [
                0.7000000000000001,
                0.0,
                0.5
            ],
            [
                0.7000000000000001,
                0.2,
                0.2
            ],
            [
                0.1,
                0.0,
                0.6000000000000001
            ],
            [
                0.1,
                0.0,
                0.8
            ],
            [
                0.8,
                0.4,
                0.7000000000000001
            ],
            [
                0.9,
                0.2,
                0.6000000000000001
            ],
            [
                1.0,
                0.30000000000000004,
                0.0
            ]
        ]
    },
    "golden_groups": [
        {
            "stats": {
                "mean": 0.6111111111111112,
                "variance": 0.08987654320987655,
                "standard_deviation": 0.29979416807182313,
                "median": 0.7000000000000001,
                "median_low": 0.7000000000000001,
                "median_high": 0.7000000000000001,
                "median_grouped": 0.45000000000000007,
                "mode": null
            },
            "data": [
                [
                    1,
                    1
                ],
                [
                    6,
                    10
                ]
            ]
        },
        {
            "stats": {
                "mean": 0.16666666666666669,
                "variance": 0.020000000000000004,
                "standard_deviation": 0.14142135623730953,
                "median": 0.2,
                "median_low": 0.2,
                "median_high": 0.2,
                "median_grouped": -0.04999999999999999,
                "mode": 0.0
            },
            "data": [
                [
                    0,
                    4
                ]
            ]
        },
        {
            "stats": {
                "mean": 0.5444444444444445,
                "variance": 0.07135802469135803,
                "standard_deviation": 0.2671292284482513,
                "median": 0.6000000000000001,
                "median_low": 0.6000000000000001,
                "median_high": 0.6000000000000001,
                "median_grouped": 0.6000000000000001,
                "mode": 0.6000000000000001
            },
            "data": [
                [
                    0,
                    0
                ],
                [
                    2,
                    2
                ],
                [
                    5,
                    9
                ]
            ]
        }
    ]
}