{
    "best_dist": {
        "score": 0.3997933130227057,
        "avg": 0.13326443767423524,
        "weight": [
            0.6000000000000001,
            0.1,
            0.6000000000000001
        ],
        "norm_avg": 0.0,
        "weights": [
            [
                0.6000000000000001,
                0.1,
                0.6000000000000001
            ],
            [
                0.7000000000000001,
                0.0,
                0.5
            ],
            [
                0.1,
                0.0,
                0.6000000000000001
            ]
        ]
    },
    "golden_groups": [
        {
            "stats": {
                "mean": 0.46666666666666673,
                "variance": 0.0688888888888889,
                "standard_deviation": 0.26246692913372704,
                "median": 0.6000000000000001,
                "median_low": 0.6000000000000001,
                "median_high": 0.6000000000000001,
                "median_grouped": 0.6000000000000001,
                "mode": null
            },
            "data": [
                [
                    1,
                    1
                ],
                [
                    6,
                    7
                ]
            ]
        },
        {
            "stats": {
                "mean": 0.03333333333333333,
                "variance": 0.0022222222222222227,
                "standard_deviation": 0.047140452079103175,
                "median": 0.0,
                "median_low": 0.0,
                "median_high": 0.0,
                "median_grouped": 0.25,
                "mode": 0.0
            },
            "data": [
                [
                    0,
                    1
                ]
            ]
        },
        {
            "stats": {
                "mean": 0.5666666666666668,
                "variance": 0.002222222222222226,
                "standard_deviation": 0.04714045207910321,
                "median": 0.6000000000000001,
                "median_low": 0.6000000000000001,
                "median_high": 0.6000000000000001,
                "median_grouped": 0.3500000000000001,
                "mode": 0.6000000000000001
            },
            "data": [
                [
                    5,
                    6
                ]
            ]
        }
    ]
}